,learning_rate,num_train_epochs,Training loss,eval_loss
6,0.0001,5.0,2.6993287,2.701324
2,0.0001,3.0,2.75907826423645,2.7564628986358644
4,0.001,4.0,2.777735471725464,2.770578311538696
5,0.001,3.0,2.772473096847534,2.770725119400024
1,0.0001,4.0,2.7742760181427,2.7708644535064697
3,0.001,5.0,2.767015218734741,2.77114529838562
